id,status
MLB2808793493,paused
MLB2808781866,paused
MLB2808805844,paused
MLB2808816571,paused
MLB2808828117,paused
MLB2808787657,paused
MLB2808823209,paused
MLB2808810261,paused
MLB2808823133,paused
MLB2808805357,paused
MLB2808805277,paused
MLB2808769225,paused
MLB2808781243,paused
MLB2808781127,paused
MLB2808774508,paused
MLB2808792740,paused
MLB2808774334,paused
MLB2808805455,paused
MLB2808787075,paused
MLB2808780803,paused
MLB2808768974,paused
MLB2808815559,paused
MLB2808815637,paused
MLB2808774114,paused
MLB2808768969,paused
MLB2808822446,paused
MLB2808815630,paused
MLB2808781163,paused
MLB2808828429,paused
MLB2808822093,paused
MLB2808774345,paused
MLB2808769057,paused
MLB2808792516,paused
MLB2808809485,paused
MLB2808804569,paused
MLB2808822960,paused
MLB2808815475,paused
MLB2808815775,paused
MLB2808809820,paused
MLB2808798835,paused
MLB2808799137,paused
MLB2808792212,paused
MLB2808821724,under_review
MLB2808773732,paused
MLB2808786881,paused
MLB2808773868,paused
MLB2808815376,paused
MLB2808792279,paused
MLB2808786586,paused
MLB2808798425,paused
MLB2808821676,paused
MLB2808773800,paused
MLB2808768829,paused
MLB2808815356,paused
MLB2808773327,paused
MLB2808804168,paused
MLB2808768269,paused
MLB2808780104,paused
MLB2808743440,paused
MLB2808773360,paused
MLB2808786399,paused
MLB2808809137,paused
MLB2808768138,paused
MLB2808798113,paused
MLB2808798054,paused
MLB2808786314,paused
MLB2808821502,paused
MLB2808791763,paused
MLB2808786106,paused
MLB2808743188,paused
MLB2808736829,paused
MLB2808768293,paused
MLB2808786512,paused
MLB2808768514,paused
MLB2808769121,paused
MLB2808805461,paused
MLB2808782158,paused
MLB2808804381,paused
MLB2806858555,paused
MLB2808804699,under_review
MLB2808786785,paused
MLB2808774486,paused
MLB2808768685,paused
MLB2808809454,paused
MLB2810457493,paused
MLB2810494394,paused
MLB2810457511,paused
MLB2810438745,paused
MLB2819926983,paused
MLB2819908843,paused
MLB2819939892,paused
MLB2819965059,paused
MLB2819926960,paused
MLB2819939776,paused
MLB2819965362,paused
MLB2819933279,paused
MLB2819939404,paused
MLB2819933009,paused
MLB2819933010,paused
MLB2819920483,paused
MLB2819920488,paused
MLB2819939413,paused
MLB2819951956,paused
MLB2819975633,paused
MLB2819958584,paused
MLB2819933360,paused
MLB2819965023,paused
MLB2819939651,paused
MLB2819908743,paused
MLB2819908736,paused
MLB2819975759,paused
MLB2819914300,paused
MLB2819920851,paused
MLB2819975895,paused
MLB2819952240,paused
MLB2819933459,paused
MLB2819965154,paused
MLB2819933425,paused
MLB2819976003,paused
MLB2819958481,paused
MLB2819914534,paused
MLB2819908919,paused
MLB2819920720,paused
MLB2831620275,paused
MLB2831620277,paused
MLB2831620300,paused
MLB2831631263,paused
MLB2831595437,paused
MLB2831643022,paused
MLB2831607940,paused
MLB2836854595,paused
MLB2836854443,paused
MLB2836854561,paused
MLB2836877103,paused
MLB2836859214,paused
MLB2836895252,paused
MLB2836842790,paused
MLB2836883308,paused
MLB2836883342,paused
MLB2836854588,paused
MLB2850059502,paused
MLB2850054479,paused
MLB2850059472,paused
MLB2850024630,paused
MLB2850071461,paused
MLB2850024643,paused
MLB2861276570,paused
MLB2861270126,paused
MLB2861244591,paused
MLB2861207282,paused
MLB2861238609,paused
MLB2865348359,paused
MLB2880336312,paused
MLB2880308153,paused
MLB2894186354,paused
MLB2901447696,paused
MLB2901400391,paused
MLB2901442150,paused
MLB2901419358,paused
MLB2901412876,paused
MLB2918757803,paused
MLB2930046868,paused
MLB2930046864,paused
MLB2929974138,paused
MLB2930040522,under_review
MLB2929985709,under_review
MLB2930046857,paused
MLB2929990218,paused
MLB2930034241,paused
MLB2929990217,paused
MLB2930027835,paused
MLB2933199691,paused
MLB2933074821,paused
MLB2933062397,paused
MLB2933218935,paused
MLB2933168135,paused
MLB2933212465,paused
MLB2933199684,paused
MLB2981519391,paused
MLB2981703660,paused
MLB2981519400,paused
MLB2981537496,paused
MLB2981549498,paused
MLB2981537513,paused
MLB2981537607,paused
MLB2981754697,paused
MLB2981549521,paused
MLB2981729013,paused
MLB2981728920,paused
MLB2981703637,paused
MLB2981543123,paused
MLB2981549502,under_review
MLB2981703645,paused
MLB2981729025,paused
MLB2981519479,paused
MLB2981562164,paused
MLB2981555690,paused
MLB2981555691,paused
MLB2981754716,paused
MLB2987041148,paused
MLB2986966659,paused
MLB3003655544,paused
MLB3003644202,paused
MLB3003644207,paused
MLB3003649183,paused
MLB3003672985,paused
MLB3003613458,paused
MLB3003625956,paused
MLB3003644244,paused
MLB3003638056,paused
MLB3003661845,paused
MLB3003638057,paused
MLB3003613462,paused
MLB3003678572,paused
MLB3003649220,paused
MLB3003619589,paused
MLB3003625975,paused
MLB3003661836,paused
MLB3003661828,paused
MLB3003638095,paused
MLB3003619621,paused
MLB3003619375,paused
MLB3003619378,paused
MLB3003625785,paused
MLB3003648996,paused
MLB3003648999,paused
MLB3003625789,paused
MLB3003637860,paused
MLB3003649017,paused
MLB3003619384,paused
MLB3003661628,paused
MLB3003637869,paused
MLB3003638046,paused
MLB3003644024,paused
MLB3003649035,paused
MLB3003619577,paused
MLB3003672845,paused
MLB3003655365,paused
MLB3003619412,paused
MLB3003625832,paused
MLB3003661659,paused
MLB3003649044,paused
MLB3003625859,paused
MLB3003637907,paused
MLB3003655489,paused
MLB3003637931,paused
MLB3003606943,paused
MLB3003644133,paused
MLB3003637942,paused
MLB3003644131,paused
MLB3003625925,paused
MLB3003625892,paused
MLB3003672910,paused
MLB3003649096,paused
MLB3003655440,paused
MLB3003637971,paused
MLB3003649078,paused
MLB3003644173,paused
MLB3003644138,paused
MLB3003619523,paused
MLB3003644140,paused
MLB3003649092,paused
MLB3003637977,paused
MLB3003649162,paused
MLB3003625906,paused
MLB3003655482,paused
MLB3003606978,paused
MLB3003637953,paused
MLB3003619471,paused
MLB3003661781,paused
MLB3003649103,paused
MLB3003661772,paused
MLB3003644157,paused
MLB3003644180,paused
MLB3003672955,paused
MLB3003672927,paused
MLB3003678546,paused
MLB3003661759,paused
MLB3003672963,paused
MLB3003661753,paused
MLB3003649149,paused
MLB3003625926,under_review
MLB3003661789,paused
MLB3003638017,paused
MLB3003613419,paused
MLB3003619543,paused
MLB2990611545,paused
MLB2990660116,paused
MLB2990654524,paused
MLB2990660187,paused
MLB2990593286,paused
MLB2990629456,paused
MLB2990629437,paused
MLB2990660002,paused
MLB2990648124,paused
MLB2990648161,paused
MLB2990598964,paused
MLB2990611587,paused
MLB2990654408,paused
MLB2990654416,paused
MLB2990654434,paused
MLB2990648169,paused
MLB2990654483,paused
MLB2990641782,paused
MLB2990617730,paused
MLB2990660078,paused
MLB2990641765,paused
MLB2990599041,paused
MLB2990617773,paused
MLB2990593199,paused
MLB2990641785,paused
MLB2990660184,paused
MLB2990635917,paused
MLB3003619551,paused
MLB3003619558,paused
MLB3031581773,paused
MLB3031980165,paused
MLB3031973717,paused
MLB3031599835,paused
MLB3031999173,paused
MLB3031618806,paused
MLB3031980198,paused
MLB3031980240,paused
MLB3031980237,paused
MLB3031915911,paused
MLB3031599913,paused
MLB3031980288,paused
MLB3031587955,paused
MLB3031581563,paused
MLB3031618892,paused
MLB3031973801,paused
MLB3031581589,paused
MLB3031973835,paused
MLB3031581619,paused
MLB3031656925,paused
MLB3031915957,paused
MLB3031973911,paused
MLB3031999383,paused
MLB3031656935,paused
MLB3031656940,paused
MLB3031599972,paused
MLB3031980416,paused
MLB3031967655,paused
MLB3031619091,under_review
MLB3031967824,paused
MLB3031980370,paused
MLB3031973956,paused
MLB3031967703,paused
MLB3031581724,paused
MLB3031967717,paused
MLB3031581714,paused
MLB3031619070,paused
MLB3031999508,paused
MLB3031588226,paused
MLB3031588243,paused
MLB3031916262,paused
MLB3031916189,paused
MLB3031657164,paused
MLB3031967891,paused
MLB3031974091,paused
MLB3031974452,paused
MLB3031600151,paused
MLB3031581751,paused
MLB3031581775,paused
MLB3050360269,paused
MLB3050389899,paused
MLB3050372257,paused
MLB3050420070,paused
MLB3062107737,paused
MLB3062108136,paused
MLB3066065100,paused
MLB3066224474,paused
MLB3066052353,paused
MLB3066110148,paused
MLB3064691491,paused
MLB3066230967,paused
MLB3066250367,paused
MLB3066224608,paused
MLB3066295407,paused
MLB3066475147,paused
MLB3066475356,paused
MLB3066110394,paused
MLB3066224811,paused
MLB3066341111,paused
MLB3066231565,paused
MLB3066110749,paused
MLB3066295606,paused
MLB3066225147,paused
MLB3066481969,paused
MLB3066110721,paused
MLB3066110722,paused
MLB3065276600,paused
MLB3065340545,paused
MLB3066110490,paused
MLB3066238074,paused
MLB3066110503,paused
MLB3066340837,paused
MLB3066231420,paused
MLB3066405023,paused
MLB3070358317,paused
MLB3070383492,paused
MLB3070377215,paused
MLB3070377211,paused
MLB3070408104,paused
MLB3070354556,paused
MLB3070358342,paused
MLB3070358343,paused
MLB3070414448,paused
MLB3070408152,paused
MLB3070414496,paused
MLB3070354576,paused
MLB3070402215,paused
MLB3070354611,paused
MLB3070358414,paused
MLB3070395897,paused
MLB3070364374,paused
MLB3070402188,paused
MLB3070358384,paused
MLB3070358390,paused
MLB3070358434,paused
MLB3070370909,paused
MLB3070408225,paused
MLB3070395942,paused
MLB3070402205,paused
MLB3075597616,paused
MLB3080052799,paused
MLB3080065148,paused
MLB3089066601,paused
MLB3089028117,paused
MLB3088957634,paused
MLB3089021680,paused
MLB3112633902,paused
MLB3112640285,paused
MLB3112646828,paused
MLB3112628105,paused
MLB3112633908,paused
MLB3112678491,paused
MLB3112640282,paused
MLB3112678485,paused
MLB3135614789,paused
MLB3135614753,paused
MLB3135621207,paused
MLB3135670354,paused
MLB3135694117,paused
MLB3135687822,paused
MLB3135633709,paused
MLB3135614762,paused
MLB3135694128,paused
MLB3135676128,paused
MLB3135633747,paused
MLB3147732134,paused
MLB3147624292,paused
MLB3149679930,paused
MLB3171580943,paused
MLB3171519642,paused
MLB3171507584,paused
MLB3171612801,paused
MLB3171549053,paused
MLB3171495284,paused
MLB3171606507,paused
MLB3171580936,paused
MLB3171612784,paused
MLB3195750694,paused
MLB3454081398,paused
MLB3290892737,paused
MLB3488333880,paused
MLB3488261744,paused
MLB3488235314,paused
MLB3488223534,paused
MLB3290892789,paused
MLB3488273950,paused
MLB3488160018,paused
MLB3290892653,paused
MLB3488222896,paused
MLB3488274042,paused
MLB3290892831,paused
MLB3488274072,paused
MLB3488160048,paused
MLB3290879903,paused
MLB3488261786,paused
MLB3488333734,paused
MLB3290879857,paused
MLB3290892639,paused
MLB3488159848,paused
MLB3488159482,paused
MLB3488261518,paused
MLB3488248786,paused
MLB3488248762,paused
MLB3290869873,paused
MLB3519613154,paused
MLB3325970015,paused
MLB3658993228,paused
MLB3326002131,paused
MLB3326002285,paused
MLB3325969919,paused
MLB3326015225,paused
MLB3325960519,paused
MLB3325970029,paused
MLB3325989929,paused
MLB3593212826,paused
MLB3310870643,paused
MLB3593212806,paused
MLB3593188454,paused
MLB3310853665,paused
MLB3593212870,paused
MLB3310853691,paused
MLB3593188486,paused
MLB3593232936,paused
MLB3310853511,paused
MLB3310870547,paused
MLB3325970017,paused
MLB3326015277,paused
MLB3325989961,paused
MLB3659004132,paused
MLB3659027648,paused
MLB3659004116,paused
MLB3680885228,paused
MLB3332613629,paused
MLB3332631857,paused
MLB3332621861,paused
MLB3680898952,paused
MLB3680932380,paused
MLB3332601471,paused
MLB3332621779,paused
MLB3680945918,paused
MLB3680898960,paused
MLB3680932382,paused
MLB3345468481,paused
MLB3710520598,paused
MLB3710292696,paused
MLB3345484847,active
MLB3710341804,paused
MLB3790266066,under_review
MLB3790300928,paused
MLB3890270110,paused
MLB3916712516,paused
MLB3916680194,paused
MLB3918376502,paused
MLB3888075206,paused
MLB3915442860,paused
MLB3916311590,paused
MLB3988552496,paused
MLB4017762194,paused
MLB3990788250,paused
MLB4018044666,paused
MLB3512178901,paused
MLB4135397240,paused
MLB4163511538,paused
MLB4163510384,paused
MLB4177165326,paused
MLB3517832729,paused
MLB4259204092,paused
MLB4259203806,paused
MLB4259126740,paused
MLB4262306488,paused
MLB4262921562,paused
MLB3528953639,paused
MLB3528583277,paused
MLB3528873689,paused
MLB3528862971,paused
MLB3528970383,paused
MLB4262920572,paused
MLB3528954327,paused
MLB3528924671,paused
MLB4262935008,paused
MLB3598402327,paused
MLB4259139476,paused
MLB4269041456,paused
MLB3531144421,paused
MLB3531107073,paused
MLB3531069827,paused
MLB3533523613,paused
MLB4279064156,paused
MLB4281362504,paused
MLB3562271651,paused
MLB4351296560,paused
MLB4377053018,paused
MLB3572559259,paused
MLB4376233246,paused
MLB4376830062,paused
MLB3572749125,paused
MLB3572800587,paused
MLB3573606183,paused
MLB3575876673,paused
MLB3575940683,paused
MLB3587315801,paused
MLB4406525082,paused
MLB4395372716,paused
MLB4395383640,paused
MLB4395448590,paused
MLB4395383368,paused
MLB3577851017,paused
MLB4408386068,paused
MLB4395434250,paused
MLB4395148362,paused
MLB3577658217,paused
MLB4419372102,paused
MLB3577658087,paused
MLB4395141770,paused
MLB4395149660,paused
MLB4395161728,paused
MLB3580593329,paused
MLB4402327852,paused
MLB4423073068,paused
MLB3586759369,paused
MLB3585757095,paused
MLB4427800810,under_review
MLB4427838578,under_review
MLB4445064018,paused
MLB4444563522,paused
MLB4444563802,paused
MLB3596843025,paused
MLB3596742237,paused
MLB3604226825,paused
MLB4462676206,under_review
MLB4461641352,paused
MLB4461666394,paused
MLB4462841480,under_review
MLB4462791692,closed
MLB4467598698,paused
MLB3622375021,paused
MLB4509458246,paused
MLB4512769442,paused
MLB4512692066,paused
MLB3622400585,paused
MLB3622388479,paused
MLB3623029535,paused
MLB4513652754,paused
MLB4693888244,paused
