id,mpn,price,nick
MLB3257151757,2730104000,451.85,AKTAMOTORSGASTAO
MLB3549130699,452173B400,437.53,AKTAMOTORSGASTAO
MLB3257177585,252123C321,436.92,AKTAMOTORSGASTAO
MLB4263597080,252122B000N,435.31,AKTAMOTORSGASTAO
MLB4131532108,546022J000,431.65,AKTAMOTORSGASTAO
MLB3257176983,8637007500,417.12,AKTAMOTORSGASTAO
MLB3307739048,814111F010,416.81,AKTAMOTORSGASTAO
MLB3511737153,832203W010,405.33,AKTAMOTORSGASTAO
MLB4097373208,8510126000,400.77,AKTAMOTORSGASTAO
MLB3549179441,548403R000-DS,398.93,AKTAMOTORSGASTAO
MLB3903257148,919854D000QQK,10.93,AKTAMOTORSGASTAO
MLB3412667823,545412H000,371.64,AKTAMOTORSGASTAO
MLB3552980969,2521237162,369.5,AKTAMOTORSGASTAO
MLB3467818179,876111M210,369.29,AKTAMOTORSGASTAO
MLB3484361445,553202F000,369.16,AKTAMOTORSGASTAO
MLB3552924463,927003E000,369.01,AKTAMOTORSGASTAO
MLB3307738970,581012FA10,367.9,AKTAMOTORSGASTAO
MLB3549156319,877222G000,363.99,AKTAMOTORSGASTAO
MLB3307674716,252864A000,356.3,AKTAMOTORSGASTAO
MLB3307688536,252124A750,349.65,AKTAMOTORSGASTAO
MLB3549117963,545842W000,346.15,AKTAMOTORSGASTAO
MLB3547077845,866513R500,340.51,AKTAMOTORSGASTAO
MLB3552928007,577242E000,337.91,AKTAMOTORSGASTAO
MLB3552967069,329704E000,336.48,AKTAMOTORSGASTAO
MLB3484209063,817252P000,335.93,AKTAMOTORSGASTAO
MLB3257164515,1884408070,323.14,AKTAMOTORSGASTAO
MLB3307739028,581012FA01,321.9,AKTAMOTORSGASTAO
MLB3307674910,391802B000,314.2,AKTAMOTORSGASTAO
MLB3307738960,918701M020,313.39,AKTAMOTORSGASTAO
MLB3549158905,548113E160AS,304.37,AKTAMOTORSGASTAO
MLB3511772375,832101M000,302.26,AKTAMOTORSGASTAO
MLB3307726542,28113A9100,303.19,AKTAMOTORSGASTAO
MLB3549147261,918654D030,298.28,AKTAMOTORSGASTAO
MLB3403966403,545842S100,295.77,AKTAMOTORSGASTAO
MLB3257151989,971332F010N,290.86,AKTAMOTORSGASTAO
MLB3483572925,841421F300,290.86,AKTAMOTORSGASTAO
MLB3549142077,89840A9230GBU,285.49,AKTAMOTORSGASTAO
MLB3549222825,919202K000,283.78,AKTAMOTORSGASTAO
MLB3257058851,863181Y000,279.97,AKTAMOTORSGASTAO
MLB3307726412,97133C5000N,277.04,AKTAMOTORSGASTAO
MLB3554403547,931702E010,277.01,AKTAMOTORSGASTAO
MLB3257171235,495952K000,276.62,AKTAMOTORSGASTAO
MLB4135630436,495953R900,274.79,AKTAMOTORSGASTAO
MLB3307674916,555403R000,273.17,AKTAMOTORSGASTAO
MLB3549260877,69511D9500,273.42,AKTAMOTORSGASTAO
MLB3547053039,826602G020,271.44,AKTAMOTORSGASTAO
MLB3511697241,823411F000,268.7,AKTAMOTORSGASTAO
MLB3511827479,823311F000,268.7,AKTAMOTORSGASTAO
MLB3511815149,822101F000WK,268.11,AKTAMOTORSGASTAO
MLB3484262555,1887508085,267.55,AKTAMOTORSGASTAO
MLB3257071615,821303E001,132.17,AKTAMOTORSGASTAO
MLB3307751184,28113H8100,130.52,AKTAMOTORSGASTAO
MLB3257086083,8265007010,130.66,AKTAMOTORSGASTAO
MLB3257058811,858402K000QW,129.78,AKTAMOTORSGASTAO
MLB3307688656,281132S000,129.43,AKTAMOTORSGASTAO
MLB4132690008,83610H8000LEF,129.09,AKTAMOTORSGASTAO
MLB3257171175,832202K000,128.17,AKTAMOTORSGASTAO
MLB4135161782,853052K000,128.14,AKTAMOTORSGASTAO
MLB4135756722,219122J100,127.58,AKTAMOTORSGASTAO
MLB3549149793,922301M000,127.3,AKTAMOTORSGASTAO
MLB3257071621,3191138204,123.61,AKTAMOTORSGASTAO
MLB3546117419,866132F000,122.79,AKTAMOTORSGASTAO
MLB4306876000,865522G500,119.41,AKTAMOTORSGASTAO
MLB3257151921,263203C250,117.94,AKTAMOTORSGASTAO
MLB3545727571,8430A00928I,117.62,AKTAMOTORSGASTAO
MLB3549210665,954122D000,114.81,AKTAMOTORSGASTAO
MLB3257135361,863921F000,112.66,AKTAMOTORSGASTAO
MLB3484360573,919504D920,111.23,AKTAMOTORSGASTAO
MLB3307726576,1884111051,111.01,AKTAMOTORSGASTAO
MLB3484114295,863822F001,111.0,AKTAMOTORSGASTAO
MLB4135101692,853052K100,109.84,AKTAMOTORSGASTAO
MLB3549142131,0K60B6409XC,109.2,AKTAMOTORSGASTAO
MLB3307674714,971332H001N,108.31,AKTAMOTORSGASTAO
MLB3546065913,436224A100,107.33,AKTAMOTORSGASTAO
MLB3511764441,565551Y500,106.95,AKTAMOTORSGASTAO
MLB4135680224,210204A931,106.72,AKTAMOTORSGASTAO
MLB3549156631,813911Y000,102.71,AKTAMOTORSGASTAO
MLB3549154177,813711Y000,102.71,AKTAMOTORSGASTAO
MLB3549105637,876501M200,102.67,AKTAMOTORSGASTAO
MLB3374960525,8651607500,46.04,AKTAMOTORSGASTAO
MLB3307713746,281134E500,101.17,AKTAMOTORSGASTAO
MLB3307699836,865902G500,69.69,AKTAMOTORSGASTAO
MLB4139124590,7162100891I,100.5,AKTAMOTORSGASTAO
MLB3257135167,5295017000,41.92,AKTAMOTORSGASTAO
MLB3307674862,819262L000,12.02,AKTAMOTORSGASTAO
MLB3307713730,8219128010,10.03,AKTAMOTORSGASTAO
MLB3484269537,1879004933,22.29,AKTAMOTORSGASTAO
MLB3547006525,0K53A50035,8.81,AKTAMOTORSGASTAO
MLB3970149356,1882308101,49.05,AKTAMOTORSGASTAO
MLB4306797212,865712K000,37.09,AKTAMOTORSGASTAO
MLB4314168602,3510102010,23.41,AKTAMOTORSGASTAO
MLB3257110151,281132F000,61.53,AKTAMOTORSGASTAO
MLB3257135149,2544226100,10.07,AKTAMOTORSGASTAO
MLB3257135403,822312K000,87.01,AKTAMOTORSGASTAO
MLB3257157997,819962J700,44.63,AKTAMOTORSGASTAO
MLB3307726540,4954921000,33.41,AKTAMOTORSGASTAO
MLB3511854435,824121Y000,35.56,AKTAMOTORSGASTAO
MLB3542679577,7132100001I,32.89,AKTAMOTORSGASTAO
MLB3545144807,0KL0210155,16.51,AKTAMOTORSGASTAO
MLB3546978973,86615D9000,16.93,AKTAMOTORSGASTAO
MLB3549179835,8461207500EQ,27.35,AKTAMOTORSGASTAO
MLB3549210669,2849242510N,17.47,AKTAMOTORSGASTAO
MLB3549210689,281112G100,52.44,AKTAMOTORSGASTAO
MLB3549223911,845531F000WK,31.42,AKTAMOTORSGASTAO
MLB3549248191,052032E400,14.77,AKTAMOTORSGASTAO
MLB3549249551,25485D3000,70.83,AKTAMOTORSGASTAO
MLB3549272237,931702D000,51.36,AKTAMOTORSGASTAO
MLB3549272549,846554E000GW,12.2,AKTAMOTORSGASTAO
MLB3593066584,2521226021,47.27,AKTAMOTORSGASTAO
MLB3789926206,292153Y200,72.42,AKTAMOTORSGASTAO
MLB4097158956,866343W000,25.54,AKTAMOTORSGASTAO
MLB4113145592,962162P000,39.45,AKTAMOTORSGASTAO
MLB4114451932,812104D000,94.08,AKTAMOTORSGASTAO
MLB4114464762,467333R000,37.83,AKTAMOTORSGASTAO
MLB4131030098,467131M500,12.56,AKTAMOTORSGASTAO
MLB4133480998,852351C200ED,12.44,AKTAMOTORSGASTAO
MLB4133678364,87539H8000,57.17,AKTAMOTORSGASTAO
MLB4133714634,833931M000,74.36,AKTAMOTORSGASTAO
MLB4135247504,863632G000,41.27,AKTAMOTORSGASTAO
MLB4135276364,1879001125,36.81,AKTAMOTORSGASTAO
MLB4135380636,86363H8000,66.5,AKTAMOTORSGASTAO
MLB4135630406,282954A380,8.35,AKTAMOTORSGASTAO
MLB4135639026,2306002622,67.76,AKTAMOTORSGASTAO
MLB4135642140,841912D000,34.25,AKTAMOTORSGASTAO
MLB4135642210,230603C712,87.05,AKTAMOTORSGASTAO
MLB4135651086,286581R000,66.85,AKTAMOTORSGASTAO
MLB4135665916,281613K100,17.0,AKTAMOTORSGASTAO
MLB4135667974,863811D000,61.75,AKTAMOTORSGASTAO
MLB4135681812,863733R000,74.29,AKTAMOTORSGASTAO
MLB4135691218,1898005933,30.54,AKTAMOTORSGASTAO
MLB4135694146,281603K200,21.74,AKTAMOTORSGASTAO
MLB4135701720,546293F600,62.61,AKTAMOTORSGASTAO
MLB4135706002,863633R000,74.29,AKTAMOTORSGASTAO
MLB4135717642,8173806000,13.98,AKTAMOTORSGASTAO
MLB4135719718,2103003100,53.78,AKTAMOTORSGASTAO
MLB4135719958,826202T010,84.08,AKTAMOTORSGASTAO
MLB4135720056,25328B1000,25.36,AKTAMOTORSGASTAO
MLB4135721424,25336C5500,62.88,AKTAMOTORSGASTAO
MLB4135721508,2102004000,55.62,AKTAMOTORSGASTAO
MLB4135721634,76523M6000,60.15,AKTAMOTORSGASTAO
MLB4135730482,88009010,44.0,AKTAMOTORSGASTAO
MLB4135731004,8641029000,22.43,AKTAMOTORSGASTAO
MLB4135733154,8262007000NL,61.28,AKTAMOTORSGASTAO
MLB4135756762,1879001107,21.37,AKTAMOTORSGASTAO
MLB4206452430,883982P010,19.69,AKTAMOTORSGASTAO
MLB4206457688,552152F000,78.52,AKTAMOTORSGASTAO
MLB4206462544,548133F000,54.23,AKTAMOTORSGASTAO
MLB4206483468,858493J000,15.49,AKTAMOTORSGASTAO
MLB3593017116,921023E550,2870.29,AKTAMOTORSGASTAO
MLB3257152113,319801Y700N,24.93,AKTAMOTORSGASTAO
MLB3903285204,253802K000,2017.73,AKTAMOTORSGASTAO
MLB3723749890,957902J002,4176.72,AKTAMOTORSGASTAO
MLB3546996949,95440A9200,2692.53,AKTAMOTORSGASTAO
MLB3593086896,2330025922,10606.67,AKTAMOTORSGASTAO
MLB3593040832,86111D9000N,6352.62,AKTAMOTORSGASTAO
MLB4325008062,883001M380AF7,5447.98,AKTAMOTORSGASTAO
MLB3310734879,921013W200,4026.5,AKTAMOTORSGASTAO
MLB3310735013,910064E970,6359.43,AKTAMOTORSGASTAO
MLB3499447559,544104E200,2736.24,AKTAMOTORSGASTAO
MLB3547067771,824602P010,2184.69,AKTAMOTORSGASTAO
MLB3547083811,971391M010,2670.35,AKTAMOTORSGASTAO
MLB3551923333,857102J000AR,2618.51,AKTAMOTORSGASTAO
MLB3551958505,582502P100,2591.29,AKTAMOTORSGASTAO
MLB3552084833,916003W710,2307.47,AKTAMOTORSGASTAO
MLB3552924471,935701F371ADF,2085.84,AKTAMOTORSGASTAO
MLB3552968421,977751Y003,2653.82,AKTAMOTORSGASTAO
MLB3554307409,912031M790,5492.44,AKTAMOTORSGASTAO
MLB3554766143,861112T150N,3526.19,AKTAMOTORSGASTAO
MLB3593086918,760042K010,4507.45,AKTAMOTORSGASTAO
MLB3593076724,865302P000,1972.49,AKTAMOTORSGASTAO
MLB3499706073,545011D000,1959.88,AKTAMOTORSGASTAO
MLB3551983777,6711107001,1906.56,AKTAMOTORSGASTAO
MLB3310735045,921023E050,1804.76,AKTAMOTORSGASTAO
MLB3592876376,921013E050,1804.76,AKTAMOTORSGASTAO
MLB4303369278,865123W000,1686.96,AKTAMOTORSGASTAO
MLB4309565030,986713R500,1656.5,AKTAMOTORSGASTAO
MLB3547052357,863502G100,1639.25,AKTAMOTORSGASTAO
MLB3547007393,9220107700,1587.83,AKTAMOTORSGASTAO
MLB3552087441,8330207210ED,1538.56,AKTAMOTORSGASTAO
MLB3554554329,291101F000,1537.47,AKTAMOTORSGASTAO
MLB3547044315,872802K000,1523.75,AKTAMOTORSGASTAO
MLB3547100937,872702K000,1523.75,AKTAMOTORSGASTAO
MLB3297065305,876013E220,1501.53,AKTAMOTORSGASTAO
MLB3547041811,96540D9600WK,1491.69,AKTAMOTORSGASTAO
MLB3547103381,8190007KK0,1468.37,AKTAMOTORSGASTAO
MLB3547044363,8762007198,1461.66,AKTAMOTORSGASTAO
MLB3547082233,552104D170,1459.01,AKTAMOTORSGASTAO
MLB4309562706,814504D503,1454.57,AKTAMOTORSGASTAO
MLB3546995251,877223F000,1456.79,AKTAMOTORSGASTAO
MLB3547022227,987001D000,1431.46,AKTAMOTORSGASTAO
MLB3547032745,971132E300,1410.4,AKTAMOTORSGASTAO
MLB3547078365,4338039002,1400.67,AKTAMOTORSGASTAO
MLB4176212900,852102P700H9,1389.37,AKTAMOTORSGASTAO
MLB4180377852,392102B000,1368.15,AKTAMOTORSGASTAO
MLB3552996177,455214E200,1367.09,AKTAMOTORSGASTAO
MLB4180413890,581013ED00,1348.06,AKTAMOTORSGASTAO
MLB4309539886,857402K000WK,1324.97,AKTAMOTORSGASTAO
MLB4180143870,58101N7A20,1305.27,AKTAMOTORSGASTAO
MLB3551943731,824111M210,1300.21,AKTAMOTORSGASTAO
MLB3547104615,552101D000,1279.83,AKTAMOTORSGASTAO
MLB3549186681,8634122810,176.97,AKTAMOTORSGASTAO
MLB3482420769,91950B2340,173.1,AKTAMOTORSGASTAO
MLB4132513502,826211F001WK,172.94,AKTAMOTORSGASTAO
MLB3257177395,86361D9100,172.15,AKTAMOTORSGASTAO
MLB3549179303,987501F001,171.55,AKTAMOTORSGASTAO
MLB3552924479,291342K700,171.33,AKTAMOTORSGASTAO
MLB3257098541,8883007010EQ,171.15,AKTAMOTORSGASTAO
MLB3546117429,863602T500,171.04,AKTAMOTORSGASTAO
MLB3549173681,254201D100,166.98,AKTAMOTORSGASTAO
MLB4135720008,230602E000,165.51,AKTAMOTORSGASTAO
MLB3547041633,254203W000,165.52,AKTAMOTORSGASTAO
MLB3554864343,555133E000,165.23,AKTAMOTORSGASTAO
MLB3307700230,583022KA10,163.61,AKTAMOTORSGASTAO
MLB3257164591,97133D3000N,161.77,AKTAMOTORSGASTAO
MLB3552959499,888604E101,161.5,AKTAMOTORSGASTAO
MLB3511815471,577633S000,160.9,AKTAMOTORSGASTAO
MLB4135715908,551613E500,160.84,AKTAMOTORSGASTAO
MLB3307713670,319114D500,160.67,AKTAMOTORSGASTAO
MLB3549155447,4738439134,160.33,AKTAMOTORSGASTAO
MLB3307674982,319224H900N,160.26,AKTAMOTORSGASTAO
MLB3511666343,82231A7000,157.51,AKTAMOTORSGASTAO
MLB3553008061,631203E300,157.37,AKTAMOTORSGASTAO
MLB3257171243,872513W500,155.25,AKTAMOTORSGASTAO
MLB3549223913,877222F000,155.57,AKTAMOTORSGASTAO
MLB3554535203,86340C5000,155.47,AKTAMOTORSGASTAO
MLB3257086063,394062E300,154.69,AKTAMOTORSGASTAO
MLB3307674926,281133X000,153.6,AKTAMOTORSGASTAO
MLB3257135421,2521223721N,153.07,AKTAMOTORSGASTAO
MLB4206457600,527183F000,151.55,AKTAMOTORSGASTAO
MLB4206483020,5271838000,151.55,AKTAMOTORSGASTAO
MLB4135618350,546261M000,151.4,AKTAMOTORSGASTAO
MLB3257086019,834021Y000,150.41,AKTAMOTORSGASTAO
MLB3257071559,84126A7000,147.07,AKTAMOTORSGASTAO
MLB3257071627,548301J000N,147.47,AKTAMOTORSGASTAO
MLB3257164257,548132W100,146.54,AKTAMOTORSGASTAO
MLB4097433950,86514D9000,145.83,AKTAMOTORSGASTAO
MLB3549147329,876263R000,145.68,AKTAMOTORSGASTAO
MLB3549210765,28111B2000,145.01,AKTAMOTORSGASTAO
MLB3795110858,545512S000,144.87,AKTAMOTORSGASTAO
MLB3511734225,544802J100,143.14,AKTAMOTORSGASTAO
MLB3257163987,858952P100VA,141.09,AKTAMOTORSGASTAO
MLB3511733271,552151D000,140.44,AKTAMOTORSGASTAO
MLB4206520090,545523K600,138.56,AKTAMOTORSGASTAO
MLB3546978943,865242P010,137.62,AKTAMOTORSGASTAO
MLB3511340335,832412K001WK,136.6,AKTAMOTORSGASTAO
MLB4135296764,841161M001,136.47,AKTAMOTORSGASTAO
MLB4135717084,847533W160WK,135.69,AKTAMOTORSGASTAO
MLB3257158175,9317086111,134.32,AKTAMOTORSGASTAO
MLB4205062284,83231B2000,133.78,AKTAMOTORSGASTAO
MLB3549105231,8354107000,133.1,AKTAMOTORSGASTAO
MLB3483211119,826202F020,201.62,AKTAMOTORSGASTAO
MLB3484254771,54627H8000,146.33,AKTAMOTORSGASTAO
MLB3484306015,1887111075,280.69,AKTAMOTORSGASTAO
MLB3484313577,846311M300,147.32,AKTAMOTORSGASTAO
MLB3499731253,956701F300,1177.81,AKTAMOTORSGASTAO
MLB3511713569,83241D9000,273.87,AKTAMOTORSGASTAO
MLB3547019735,876201F300,2149.06,AKTAMOTORSGASTAO
MLB3547067627,865242P010,137.62,AKTAMOTORSGASTAO
MLB3549130623,545513R000,248.08,AKTAMOTORSGASTAO
MLB3549272081,845102K500WK,1023.34,AKTAMOTORSGASTAO
MLB3554744803,631103E300,157.37,AKTAMOTORSGASTAO
MLB3554896469,62485A9100,163.7,AKTAMOTORSGASTAO
MLB3593053410,517161M100,1137.03,AKTAMOTORSGASTAO
MLB4135299770,86381H8000,66.5,AKTAMOTORSGASTAO
MLB4135642128,86362H8000,66.5,AKTAMOTORSGASTAO
MLB4135708304,282954A380,8.35,AKTAMOTORSGASTAO
MLB4135721324,833941M000,74.36,AKTAMOTORSGASTAO
MLB4135733694,76513M6000,60.15,AKTAMOTORSGASTAO
MLB4135756238,2102004030,58.4,AKTAMOTORSGASTAO
MLB4169442464,863503E500,2616.79,AKTAMOTORSGASTAO
MLB4176224814,956813J000,1663.57,AKTAMOTORSGASTAO
MLB4176238602,852102P700H9,1389.37,AKTAMOTORSGASTAO
MLB4205567624,832412K000WK,136.6,AKTAMOTORSGASTAO
MLB4206178852,832312K001WK,136.6,AKTAMOTORSGASTAO
MLB4206405508,832201D000,264.87,AKTAMOTORSGASTAO
MLB4306911430,0K53A50045,8.81,AKTAMOTORSGASTAO
MLB4309119906,934103R131,942.99,AKTAMOTORSGASTAO
MLB4314176648,9220207600,678.16,AKTAMOTORSGASTAO
MLB4314239480,2736702660,70.49,AKTAMOTORSGASTAO
MLB4322396742,817502P500VA,991.97,AKTAMOTORSGASTAO
MLB4324904114,2315102570,207.55,AKTAMOTORSGASTAO
MLB4329025030,87741R2100,682.95,AKTAMOTORSGASTAO
MLB3547070703,715503W000,904.35,AKTAMOTORSGASTAO
MLB3549147319,9372507950,20.98,AKTAMOTORSGASTAO
MLB4305978920,7150307C11,4554.9,AKTAMOTORSGASTAO
MLB4305992036,866722J000,932.25,AKTAMOTORSGASTAO
MLB4314176458,865171D051,129.87,AKTAMOTORSGASTAO
MLB4322396724,881604E100160,939.58,AKTAMOTORSGASTAO
MLB4323759124,881604E111BC4,939.58,AKTAMOTORSGASTAO
MLB4323771086,8775107501,1337.31,AKTAMOTORSGASTAO
MLB3257164233,2521204011,127.39,AKTAMOTORSGASTAO
MLB3257110167,56522B2000,68.46,AKTAMOTORSGASTAO
MLB3257177547,919822M150QQK,19.87,AKTAMOTORSGASTAO
MLB3307726236,921613K000,50.37,AKTAMOTORSGASTAO
MLB3593053460,972503W000,2227.29,AKTAMOTORSGASTAO
MLB3310747167,972501F060,1965.35,AKTAMOTORSGASTAO
MLB3310723797,97250A7DC0M15,2342.98,AKTAMOTORSGASTAO
MLB3307674582,859101F100WK,2325.51,AKTAMOTORSGASTAO
MLB3593076830,919503W033,2968.15,AKTAMOTORSGASTAO
MLB3307713476,887002P040NXA,2000.65,AKTAMOTORSGASTAO
MLB3593087018,9591007000,2085.09,AKTAMOTORSGASTAO
MLB3257151611,87620A7230,2752.0,AKTAMOTORSGASTAO
MLB3257177197,86550D9000,2583.55,AKTAMOTORSGASTAO
MLB3519437254,861101M230,2628.44,AKTAMOTORSGASTAO
MLB3310723695,851012K200,5506.93,AKTAMOTORSGASTAO
MLB3528688965,66311D9000,2551.36,AKTAMOTORSGASTAO
MLB3593017034,29110D9500,2125.18,AKTAMOTORSGASTAO
MLB3593086808,770033W010,4190.99,AKTAMOTORSGASTAO
MLB3297007699,921013E651,2186.89,AKTAMOTORSGASTAO
MLB3546982909,872702P500FBM,2848.96,AKTAMOTORSGASTAO
MLB3546995927,0K65A11500F,2865.37,AKTAMOTORSGASTAO
MLB3592876314,253104E800,2177.48,AKTAMOTORSGASTAO
MLB3593017190,861103F160,3857.5,AKTAMOTORSGASTAO
MLB3593040852,961502K805,7911.51,AKTAMOTORSGASTAO
MLB3593040924,253101M320,2407.94,AKTAMOTORSGASTAO
MLB3593066332,373003C170,4517.59,AKTAMOTORSGASTAO
MLB3593066338,92101A7060,2859.79,AKTAMOTORSGASTAO
MLB4307297532,846503W160AK5,2438.22,AKTAMOTORSGASTAO
MLB3257164283,9760607500,2594.77,AKTAMOTORSGASTAO
MLB3310723881,253102E100,2870.56,AKTAMOTORSGASTAO
MLB3497459487,863503E510,2492.17,AKTAMOTORSGASTAO
MLB3499655985,0K55234350C,2519.77,AKTAMOTORSGASTAO
MLB3545792203,545003S200,2283.11,AKTAMOTORSGASTAO
MLB3547006693,876201F300,2149.06,AKTAMOTORSGASTAO
MLB3547055051,824504D010,2594.55,AKTAMOTORSGASTAO
MLB3547092455,253803X100,2649.32,AKTAMOTORSGASTAO
MLB3547097695,517163R010,2712.85,AKTAMOTORSGASTAO
MLB3554873243,97250R0300QQK,4114.0,AKTAMOTORSGASTAO
MLB3593066388,865303W000,2814.7,AKTAMOTORSGASTAO
MLB3593076926,317502S900,1985.43,AKTAMOTORSGASTAO
MLB3511790553,663111F100,1828.86,AKTAMOTORSGASTAO
MLB3381118455,584112H000,1793.14,AKTAMOTORSGASTAO
MLB3257177115,957902J100,1720.86,AKTAMOTORSGASTAO
MLB3484513741,8761007288,1702.2,AKTAMOTORSGASTAO
MLB3499766601,956812P100,1663.57,AKTAMOTORSGASTAO
MLB3547008189,327004E201,1605.24,AKTAMOTORSGASTAO
MLB3547007365,834012P000,1583.49,AKTAMOTORSGASTAO
MLB3593076786,311112K701N,1526.57,AKTAMOTORSGASTAO
MLB3546984107,252812B020,1513.14,AKTAMOTORSGASTAO
MLB3547033247,924022F000,1488.22,AKTAMOTORSGASTAO
MLB3310723641,92202A7050,1241.03,AKTAMOTORSGASTAO
MLB3552924457,852023E055FC,1240.51,AKTAMOTORSGASTAO
MLB3552975985,826603R030ABP,1228.58,AKTAMOTORSGASTAO
MLB3593066534,517153E250,1213.37,AKTAMOTORSGASTAO
MLB3552921439,816352P010,1198.34,AKTAMOTORSGASTAO
MLB3499754143,598302T500,1192.25,AKTAMOTORSGASTAO
MLB3499718235,956701F300,1177.81,AKTAMOTORSGASTAO
MLB3546320101,954302P400,1155.41,AKTAMOTORSGASTAO
MLB4180866072,954314E010,1137.51,AKTAMOTORSGASTAO
MLB4307197622,6632107600,1119.94,AKTAMOTORSGASTAO
MLB4328946144,861702K500,1108.45,AKTAMOTORSGASTAO
MLB3902964218,861802K500,1070.05,AKTAMOTORSGASTAO
MLB3310747357,51716A7000,1069.15,AKTAMOTORSGASTAO
MLB3310735091,813102P000,1063.25,AKTAMOTORSGASTAO
MLB4307234070,8340107011,1068.45,AKTAMOTORSGASTAO
MLB3374916739,517123K010,1058.4,AKTAMOTORSGASTAO
MLB4307234064,553302P740,1051.19,AKTAMOTORSGASTAO
MLB4307195380,645101Y010,1052.63,AKTAMOTORSGASTAO
MLB3501115067,8199607510,1036.37,AKTAMOTORSGASTAO
MLB4309515024,866202F000,1032.31,AKTAMOTORSGASTAO
MLB3549130469,954301Y600,1033.49,AKTAMOTORSGASTAO
MLB3551947663,82651A97003D,1028.36,AKTAMOTORSGASTAO
MLB3549168481,845102K100WK,1023.34,AKTAMOTORSGASTAO
MLB3903297682,82460D9000,1004.78,AKTAMOTORSGASTAO
MLB4306797170,462014C010,982.5,AKTAMOTORSGASTAO
MLB4176489384,918901M020,979.55,AKTAMOTORSGASTAO
MLB3546130871,3531037150,970.39,AKTAMOTORSGASTAO
MLB3519529556,9210207031,967.86,AKTAMOTORSGASTAO
MLB3547015627,8653007000,962.32,AKTAMOTORSGASTAO
MLB3519539610,8761007158,952.46,AKTAMOTORSGASTAO
MLB3547054791,846112T001VA,954.83,AKTAMOTORSGASTAO
MLB3554501249,86522D9510,951.06,AKTAMOTORSGASTAO
MLB3546143121,553113F100,948.42,AKTAMOTORSGASTAO
MLB3546970245,934103R131,942.99,AKTAMOTORSGASTAO
MLB3546117435,954302K150,943.29,AKTAMOTORSGASTAO
MLB3519539534,253861F381,938.54,AKTAMOTORSGASTAO
MLB4176475590,281102E100,938.26,AKTAMOTORSGASTAO
MLB3546131511,3614003400,937.18,AKTAMOTORSGASTAO
MLB3545739583,9871007000,927.16,AKTAMOTORSGASTAO
MLB3545687717,866203R000,924.91,AKTAMOTORSGASTAO
MLB3546981439,328002P120,914.69,AKTAMOTORSGASTAO
MLB3593087040,877812J000,910.31,AKTAMOTORSGASTAO
MLB3545739631,437112L400DAJ,902.33,AKTAMOTORSGASTAO
MLB3499742189,852103W040ED,870.72,AKTAMOTORSGASTAO
MLB3310723887,866302G500,896.3,AKTAMOTORSGASTAO
MLB3545675877,54630D3BJ0,888.37,AKTAMOTORSGASTAO
MLB4180390278,583022EA00,886.06,AKTAMOTORSGASTAO
MLB4175588338,95680A9000,881.83,AKTAMOTORSGASTAO
MLB3551923319,834201Y010-BI,881.61,AKTAMOTORSGASTAO
MLB3547004073,816192P000,870.0,AKTAMOTORSGASTAO
MLB3792106184,254201M200QQK,48.05,AKTAMOTORSGASTAO
MLB4135669248,833941M000,74.36,AKTAMOTORSGASTAO
MLB4135693748,841361D100,8.91,AKTAMOTORSGASTAO
MLB4306875416,826214D000DP,74.02,AKTAMOTORSGASTAO
MLB4309242368,866851F000,23.49,AKTAMOTORSGASTAO
MLB3257085913,52950H1000,34.53,AKTAMOTORSGASTAO
MLB3257085969,864312K000,84.07,AKTAMOTORSGASTAO
MLB3257098397,86635D9010,69.96,AKTAMOTORSGASTAO
MLB3257110121,527552G000,21.99,AKTAMOTORSGASTAO
MLB3257123147,281131Y100,94.88,AKTAMOTORSGASTAO
MLB3257145465,565222K000,55.59,AKTAMOTORSGASTAO
MLB3257164603,281132F800,59.05,AKTAMOTORSGASTAO
MLB3257177551,264314A700,11.57,AKTAMOTORSGASTAO
MLB3257177673,1885508070,82.02,AKTAMOTORSGASTAO
MLB3307713138,938103KR0BQQK,22.12,AKTAMOTORSGASTAO
MLB3307726156,29150D9500,70.06,AKTAMOTORSGASTAO
MLB3307739442,5295014140,14.65,AKTAMOTORSGASTAO
MLB3307751344,938104DR0AQQK,33.18,AKTAMOTORSGASTAO
MLB3310734843,87549D9000,88.22,AKTAMOTORSGASTAO
MLB3332364683,986151D000,12.56,AKTAMOTORSGASTAO
MLB3429702555,0K52Y20490,51.55,AKTAMOTORSGASTAO
MLB3483237349,0K01640061,41.27,AKTAMOTORSGASTAO
MLB3483312753,2865834100,45.75,AKTAMOTORSGASTAO
MLB3483399371,863921M000,58.82,AKTAMOTORSGASTAO
MLB3484243169,2876836000,32.81,AKTAMOTORSGASTAO
MLB3484244899,863732F001,20.35,AKTAMOTORSGASTAO
MLB3484281045,842213L000,35.02,AKTAMOTORSGASTAO
MLB3484288901,8526138500,48.62,AKTAMOTORSGASTAO
MLB3484348253,2103002601,67.64,AKTAMOTORSGASTAO
MLB3484464289,467332P100,78.25,AKTAMOTORSGASTAO
MLB3484483711,467842J100,67.19,AKTAMOTORSGASTAO
MLB3495772911,9000A00085,32.34,AKTAMOTORSGASTAO
MLB3511790161,565532K000,99.77,AKTAMOTORSGASTAO
MLB3511827551,624944D000,84.95,AKTAMOTORSGASTAO
MLB3511878277,858493L000,8.5,AKTAMOTORSGASTAO
MLB3546092983,282554A420,42.75,AKTAMOTORSGASTAO
MLB3546129513,6632807600,82.13,AKTAMOTORSGASTAO
MLB3546130247,1022208743I,40.36,AKTAMOTORSGASTAO
MLB3549092743,641743W000,27.29,AKTAMOTORSGASTAO
MLB3549105463,091313B010,54.2,AKTAMOTORSGASTAO
MLB3549105789,254202S500QQK,39.27,AKTAMOTORSGASTAO
MLB3549130399,254514D100,46.31,AKTAMOTORSGASTAO
MLB3549130749,052031Y000,10.33,AKTAMOTORSGASTAO
MLB3549142011,1022102222I,26.1,AKTAMOTORSGASTAO
MLB3549142277,254252S500QQK,39.27,AKTAMOTORSGASTAO
MLB3549149865,988122K001,25.28,AKTAMOTORSGASTAO
MLB3549156663,918003R100FFF,78.05,AKTAMOTORSGASTAO
MLB3549164967,8651207000,60.42,AKTAMOTORSGASTAO
MLB3549166267,3711126100,16.54,AKTAMOTORSGASTAO
MLB3549168491,432244A600,12.23,AKTAMOTORSGASTAO
MLB4206521220,832203R000,392.49,AKTAMOTORSGASTAO
MLB4206521294,864232H000,20.78,AKTAMOTORSGASTAO
MLB4206521988,8775635000,8.01,AKTAMOTORSGASTAO
MLB4206535178,552272F000,78.52,AKTAMOTORSGASTAO
MLB4206777168,624154D000,159.27,AKTAMOTORSGASTAO
MLB4262311352,281133S100,266.2,AKTAMOTORSGASTAO
MLB4263642972,86363D9000,37.53,AKTAMOTORSGASTAO
MLB4291422890,924852H000,8.45,AKTAMOTORSGASTAO
MLB4291435926,8583902000,10.53,AKTAMOTORSGASTAO
MLB4291497970,872971C000,17.47,AKTAMOTORSGASTAO
MLB4291498036,6430A00773I,1027.09,AKTAMOTORSGASTAO
MLB4291539180,872352K000,8.75,AKTAMOTORSGASTAO
MLB4304365086,819962J010,248.61,AKTAMOTORSGASTAO
MLB4305901484,835302K000,467.34,AKTAMOTORSGASTAO
MLB4305914396,55350D9AG0,857.02,AKTAMOTORSGASTAO
MLB4305927394,289502G490,4211.25,AKTAMOTORSGASTAO
MLB4305939808,253502J200,917.88,AKTAMOTORSGASTAO
MLB4305939838,0K60A34156,27.39,AKTAMOTORSGASTAO
MLB4305953050,546512J310-BI,1397.22,AKTAMOTORSGASTAO
MLB4305953090,824504D000,928.04,AKTAMOTORSGASTAO
MLB4305966068,877212J000,1829.01,AKTAMOTORSGASTAO
MLB4305966330,213502G004,2304.53,AKTAMOTORSGASTAO
MLB4305979168,545002G501,1568.64,AKTAMOTORSGASTAO
MLB4305979404,311112P000,2699.09,AKTAMOTORSGASTAO
MLB4306005240,835412T001,925.71,AKTAMOTORSGASTAO
MLB4306821294,858812K000WK,162.53,AKTAMOTORSGASTAO
MLB4306835036,553512F200,970.9,AKTAMOTORSGASTAO
MLB4306836288,928002G000J7,943.26,AKTAMOTORSGASTAO
MLB4306837340,8266203000,106.47,AKTAMOTORSGASTAO
MLB4306847938,88194A9020WK,35.67,AKTAMOTORSGASTAO
MLB4306876232,3111107600-BI,964.81,AKTAMOTORSGASTAO
MLB4306902216,826621D020,76.53,AKTAMOTORSGASTAO
MLB4306914246,836611F010,175.21,AKTAMOTORSGASTAO
MLB4307197604,467204D400BQ,1226.02,AKTAMOTORSGASTAO
MLB4307206318,817502P500J7,991.97,AKTAMOTORSGASTAO
MLB4307206450,928003W000ED,1145.52,AKTAMOTORSGASTAO
MLB4307221292,928101M0008O,1106.37,AKTAMOTORSGASTAO
MLB4307221342,846502P000VA,1165.71,AKTAMOTORSGASTAO
MLB4307221518,987001Y000,1327.28,AKTAMOTORSGASTAO
MLB4307231918,957001M000,1186.83,AKTAMOTORSGASTAO
MLB4307233876,546512G300-BI,986.7,AKTAMOTORSGASTAO
MLB4307246786,54810D3000,1273.62,AKTAMOTORSGASTAO
MLB4307259914,866204D010,1265.3,AKTAMOTORSGASTAO
MLB4307270076,577222J000,59.97,AKTAMOTORSGASTAO
MLB4307272020,89810A7000WK,989.23,AKTAMOTORSGASTAO
MLB4307272022,816353W010,1113.3,AKTAMOTORSGASTAO
MLB4307283030,918922P020,1188.29,AKTAMOTORSGASTAO
MLB4307284960,877123R110,1257.6,AKTAMOTORSGASTAO
MLB4307285010,327003X110,1088.73,AKTAMOTORSGASTAO
MLB4307285110,9725007000,1111.9,AKTAMOTORSGASTAO
MLB3552924449,628004E100,868.95,AKTAMOTORSGASTAO
MLB3545674911,230402B001-BI,862.68,AKTAMOTORSGASTAO
MLB4176237046,223114A000,856.3,AKTAMOTORSGASTAO
MLB3310734815,1136000180,845.72,AKTAMOTORSGASTAO
MLB3549172477,954303W000,813.01,AKTAMOTORSGASTAO
MLB4134115930,81125A7000,801.87,AKTAMOTORSGASTAO
MLB3903296158,583504EA00,765.8,AKTAMOTORSGASTAO
MLB3549105525,845101Y000EQ,763.97,AKTAMOTORSGASTAO
MLB3483359221,0K55C39070,759.12,AKTAMOTORSGASTAO
MLB3549117811,96710D9630,751.74,AKTAMOTORSGASTAO
MLB4135748032,210213A922,726.26,AKTAMOTORSGASTAO
MLB3549199569,273013C100,716.57,AKTAMOTORSGASTAO
MLB3307713196,82651C5710,703.89,AKTAMOTORSGASTAO
MLB3542884953,87742D9000,695.78,AKTAMOTORSGASTAO
MLB4135641594,219101M100,698.98,AKTAMOTORSGASTAO
MLB4135681100,218202S000,697.92,AKTAMOTORSGASTAO
MLB3549142103,877124D100,695.01,AKTAMOTORSGASTAO
MLB3549092849,2431542200,676.35,AKTAMOTORSGASTAO
MLB3307739344,877413W000,663.6,AKTAMOTORSGASTAO
MLB3593053476,944602P000,658.19,AKTAMOTORSGASTAO
MLB3546091507,826504D000,647.58,AKTAMOTORSGASTAO
MLB3307739186,95720A7501UD,629.79,AKTAMOTORSGASTAO
MLB4135666484,216702G000,620.4,AKTAMOTORSGASTAO
MLB3593053424,82110B0000,597.89,AKTAMOTORSGASTAO
MLB3593017026,957003R200EB,593.15,AKTAMOTORSGASTAO
MLB3307674624,252123C100,582.45,AKTAMOTORSGASTAO
MLB4135694130,230603C944,568.89,AKTAMOTORSGASTAO
MLB3257176981,883701M100AF7,562.86,AKTAMOTORSGASTAO
MLB3307751092,252123C322,543.5,AKTAMOTORSGASTAO
MLB4304396294,944602E200,539.95,AKTAMOTORSGASTAO
MLB4135730950,0K9A234380B,536.98,AKTAMOTORSGASTAO
MLB4115342600,553261M000,533.25,AKTAMOTORSGASTAO
MLB3307699882,254601F000,521.84,AKTAMOTORSGASTAO
MLB3994813424,273012B010,515.72,AKTAMOTORSGASTAO
MLB3549154041,2351004020,513.06,AKTAMOTORSGASTAO
MLB3307713236,922011F000,504.83,AKTAMOTORSGASTAO
MLB3554437969,868123E001,504.34,AKTAMOTORSGASTAO
MLB4135223770,81125B0000,503.84,AKTAMOTORSGASTAO
MLB4205096462,832103R001,501.0,AKTAMOTORSGASTAO
MLB3549105105,866121Y700N,499.58,AKTAMOTORSGASTAO
MLB4135732158,0K63B22540,485.76,AKTAMOTORSGASTAO
MLB4297792804,86561D9000,476.89,AKTAMOTORSGASTAO
MLB3257177291,546102S100,473.24,AKTAMOTORSGASTAO
MLB3467877155,876114D050,468.36,AKTAMOTORSGASTAO
MLB4135740632,218151M500,467.48,AKTAMOTORSGASTAO
MLB3552983241,86561H9000,465.69,AKTAMOTORSGASTAO
MLB3592876452,311122P000,464.73,AKTAMOTORSGASTAO
MLB4097335836,876111F101,463.89,AKTAMOTORSGASTAO
MLB3903240104,985102P000,453.54,AKTAMOTORSGASTAO
MLB3549150345,287962S000,456.35,AKTAMOTORSGASTAO
MLB4314268048,311150W000,305.6,AKTAMOTORSGASTAO
MLB4314268134,921701Y000,49.75,AKTAMOTORSGASTAO
MLB4314272944,882853E000GW,13.53,AKTAMOTORSGASTAO
MLB4314272958,986202P010,214.91,AKTAMOTORSGASTAO
MLB4314273050,9000A00090I,154.77,AKTAMOTORSGASTAO
MLB4314273228,817801Y010,238.54,AKTAMOTORSGASTAO
MLB4314275858,4630739001,22.15,AKTAMOTORSGASTAO
MLB4314277050,587184E500,189.87,AKTAMOTORSGASTAO
MLB4314277542,31183A5700,171.45,AKTAMOTORSGASTAO
MLB4314279566,981102G100,431.87,AKTAMOTORSGASTAO
MLB4314280010,9379007500,128.91,AKTAMOTORSGASTAO
MLB4314284864,824101Y030N,742.73,AKTAMOTORSGASTAO
MLB4314301996,4738639133,160.03,AKTAMOTORSGASTAO
MLB4314302020,934102G300,235.68,AKTAMOTORSGASTAO
MLB4314302190,0K53B51030,659.96,AKTAMOTORSGASTAO
MLB4314302276,877122F000,247.07,AKTAMOTORSGASTAO
MLB4314313984,86831M7000,106.26,AKTAMOTORSGASTAO
MLB4322277368,582702P100,2591.29,AKTAMOTORSGASTAO
MLB4322364592,824202F011,1025.54,AKTAMOTORSGASTAO
MLB4322365536,93590D9120FHV,1431.42,AKTAMOTORSGASTAO
MLB4322385700,954304E530,753.76,AKTAMOTORSGASTAO
MLB4322396792,716101M030,2454.12,AKTAMOTORSGASTAO
MLB4322397340,551002K300,5109.18,AKTAMOTORSGASTAO
MLB4322397554,218204D501,1295.26,AKTAMOTORSGASTAO
MLB4322404234,824101F000N,870.68,AKTAMOTORSGASTAO
MLB4322417366,826513R030EB,1460.49,AKTAMOTORSGASTAO
MLB4322445380,5171507000,1191.83,AKTAMOTORSGASTAO
MLB4323759160,4736439010,985.84,AKTAMOTORSGASTAO
MLB4324841192,95720C5511MG1,975.52,AKTAMOTORSGASTAO
MLB4324841266,84510C5000BHH,1208.16,AKTAMOTORSGASTAO
MLB4324850858,985103W000,296.32,AKTAMOTORSGASTAO
MLB4324850884,866542P000,260.7,AKTAMOTORSGASTAO
MLB4324854404,587144E000,189.87,AKTAMOTORSGASTAO
MLB4324854462,823022K433ARS,3994.28,AKTAMOTORSGASTAO
MLB4324900592,545703E100,458.78,AKTAMOTORSGASTAO
MLB4324904096,76003D9000,6749.25,AKTAMOTORSGASTAO
MLB4324913588,824503R020,2468.61,AKTAMOTORSGASTAO
MLB4324913604,819964E020,214.09,AKTAMOTORSGASTAO
MLB4324917238,847414E001,282.57,AKTAMOTORSGASTAO
MLB4324999864,863501Y500,1489.51,AKTAMOTORSGASTAO
MLB4325007692,83420D9000-BI,865.96,AKTAMOTORSGASTAO
MLB4325008004,922014E001,584.76,AKTAMOTORSGASTAO
MLB4325051516,0061327305,410.14,AKTAMOTORSGASTAO
MLB4325054580,819053R011,630.76,AKTAMOTORSGASTAO
MLB4325065218,8571007000EQ,1217.65,AKTAMOTORSGASTAO
MLB4325065246,2852002380,8597.5,AKTAMOTORSGASTAO
MLB4328867008,927003W000,437.66,AKTAMOTORSGASTAO
MLB4328867026,86564M7010,155.16,AKTAMOTORSGASTAO
MLB4328899196,821403E001,571.13,AKTAMOTORSGASTAO
MLB4328987552,89273A9010WK,138.78,AKTAMOTORSGASTAO
MLB4329049240,7700307010,4605.18,AKTAMOTORSGASTAO
MLB4329049360,0K63B33030C,4402.1,AKTAMOTORSGASTAO
MLB4329178754,253102S500,4821.86,AKTAMOTORSGASTAO
MLB4329188200,634203E300,74.47,AKTAMOTORSGASTAO
MLB4329195354,553423E000,170.14,AKTAMOTORSGASTAO
MLB4329256430,555133N200,129.2,AKTAMOTORSGASTAO
MLB4329260194,823913W000,65.01,AKTAMOTORSGASTAO
MLB4329266926,634103E300,229.24,AKTAMOTORSGASTAO
MLB4329268930,0S24734510A,652.19,AKTAMOTORSGASTAO
MLB4329273710,553413E000,395.79,AKTAMOTORSGASTAO
MLB4329302506,4545802700,175.82,AKTAMOTORSGASTAO
MLB4329303582,554562E000,356.49,AKTAMOTORSGASTAO
MLB4329447384,281133E000,61.14,AKTAMOTORSGASTAO
MLB4329463688,832803W010,860.83,AKTAMOTORSGASTAO
MLB4329593450,86641A9000,513.39,AKTAMOTORSGASTAO
MLB3374588331,29135C5600,475.13,AKTAMOTORSGASTAO
MLB3592876198,4950007310,2243.33,AKTAMOTORSGASTAO
MLB3257058591,8413221100,18.18,AKTAMOTORSGASTAO
MLB3307688492,693001M030,784.6,AKTAMOTORSGASTAO
MLB3307750904,846031M010DAJ,802.25,AKTAMOTORSGASTAO
MLB3310734987,664002F010,2770.91,AKTAMOTORSGASTAO
MLB3546078667,86595M7010,971.31,AKTAMOTORSGASTAO
MLB4305888074,655131Y010,892.13,AKTAMOTORSGASTAO
MLB4314302262,86594AT000,154.23,AKTAMOTORSGASTAO
MLB3307713252,529103W100,2080.77,AKTAMOTORSGASTAO
MLB3545674615,866722J000,932.25,AKTAMOTORSGASTAO
MLB3547004153,816462P010H9,6087.74,AKTAMOTORSGASTAO
MLB3549092843,817543E001WK,84.69,AKTAMOTORSGASTAO
MLB3593040682,882002K241AKZ,2629.59,AKTAMOTORSGASTAO
MLB3593053436,252802G105,2401.0,AKTAMOTORSGASTAO
MLB4314229058,872104D010,186.33,AKTAMOTORSGASTAO
MLB3307726148,737002J021,5095.95,AKTAMOTORSGASTAO
MLB3310734853,884002K281AKZ,5902.8,AKTAMOTORSGASTAO
MLB3499693153,235103A100,1487.38,AKTAMOTORSGASTAO
MLB3499743231,86510D9510,4414.75,AKTAMOTORSGASTAO
MLB3510438489,291101Y000,62.85,AKTAMOTORSGASTAO
MLB3542725671,6430006725I,329.13,AKTAMOTORSGASTAO
MLB3545180811,641003R000,596.07,AKTAMOTORSGASTAO
MLB3545675873,7150307C12,4326.58,AKTAMOTORSGASTAO
MLB3546105259,918602F020QQK,28.38,AKTAMOTORSGASTAO
MLB3549118295,865171D051,129.87,AKTAMOTORSGASTAO
MLB3549118347,9372507950,20.98,AKTAMOTORSGASTAO
MLB3549118357,252124A001,747.46,AKTAMOTORSGASTAO
MLB3549146823,655151Y000,133.36,AKTAMOTORSGASTAO
MLB3549154229,65793M6000,64.59,AKTAMOTORSGASTAO
MLB3549179337,9741007000EQ,334.71,AKTAMOTORSGASTAO
MLB3549186775,452163B205,303.24,AKTAMOTORSGASTAO
MLB3549186803,0K79A7114X,35.75,AKTAMOTORSGASTAO
MLB3549223697,0K79A70460,39.59,AKTAMOTORSGASTAO
MLB3549235471,2322623550,39.85,AKTAMOTORSGASTAO
MLB3549260891,918603W220,264.47,AKTAMOTORSGASTAO
MLB3307674448,495963R900,263.95,AKTAMOTORSGASTAO
MLB4135743152,1898008300,260.88,AKTAMOTORSGASTAO
MLB3307739584,97674D3000QQK,257.7,AKTAMOTORSGASTAO
MLB3484380979,546263F600,258.45,AKTAMOTORSGASTAO
MLB3257071679,863381Y000,257.57,AKTAMOTORSGASTAO
MLB3467853105,281134D000,257.29,AKTAMOTORSGASTAO
MLB3307700092,311123T100,252.37,AKTAMOTORSGASTAO
MLB3307738962,935751M000WK,246.86,AKTAMOTORSGASTAO
MLB3549130601,545513R000,248.08,AKTAMOTORSGASTAO
MLB3257177617,1885011050,245.05,AKTAMOTORSGASTAO
MLB3257071767,281132P100,244.96,AKTAMOTORSGASTAO
MLB3307687944,311123R000,241.9,AKTAMOTORSGASTAO
MLB4132059150,826202K200AU5,241.6,AKTAMOTORSGASTAO
MLB3500580317,281131R100,239.37,AKTAMOTORSGASTAO
MLB3549147231,456383B000,238.7,AKTAMOTORSGASTAO
MLB4132161938,8414207000,237.62,AKTAMOTORSGASTAO
MLB4097194962,876211M100,237.44,AKTAMOTORSGASTAO
MLB3552959471,587134E000,236.67,AKTAMOTORSGASTAO
MLB3467840853,87650D9000,235.94,AKTAMOTORSGASTAO
MLB3549067253,817502G500VA,235.75,AKTAMOTORSGASTAO
MLB3549166801,924502K510,234.63,AKTAMOTORSGASTAO
MLB4132856600,553483M200,234.2,AKTAMOTORSGASTAO
MLB3257098499,2741023700,229.72,AKTAMOTORSGASTAO
MLB3549092737,28795D3010,229.0,AKTAMOTORSGASTAO
MLB4135337098,1881711051,226.77,AKTAMOTORSGASTAO
MLB3257177027,319112G000,222.53,AKTAMOTORSGASTAO
MLB3307726258,328002J000QQK,221.86,AKTAMOTORSGASTAO
MLB3483198429,1864935009H,220.08,AKTAMOTORSGASTAO
MLB3549179465,846104E030GW,219.41,AKTAMOTORSGASTAO
MLB3483237283,863812T010,216.84,AKTAMOTORSGASTAO
MLB4206185200,624852G200,213.14,AKTAMOTORSGASTAO
MLB4097434768,876111M300,212.52,AKTAMOTORSGASTAO
MLB3307726636,28113D3300,211.62,AKTAMOTORSGASTAO
MLB3552954133,267404A800,210.0,AKTAMOTORSGASTAO
MLB3307674956,976743T100QQK,209.21,AKTAMOTORSGASTAO
MLB3554740729,8651207500,208.63,AKTAMOTORSGASTAO
MLB3552949997,2315102570,207.55,AKTAMOTORSGASTAO
MLB3483368923,219122J000,207.23,AKTAMOTORSGASTAO
MLB3307713734,319113E700,206.45,AKTAMOTORSGASTAO
MLB4206358814,821602T000,202.11,AKTAMOTORSGASTAO
MLB4206457686,551303F000,201.65,AKTAMOTORSGASTAO
MLB3549248039,2614442805,200.32,AKTAMOTORSGASTAO
MLB4135311708,836104D110DP,199.09,AKTAMOTORSGASTAO
MLB4206152912,821603R000,194.99,AKTAMOTORSGASTAO
MLB3554754967,319112F000,191.71,AKTAMOTORSGASTAO
MLB3549147381,872204D010,186.33,AKTAMOTORSGASTAO
MLB3307739350,971332E210N,183.36,AKTAMOTORSGASTAO
MLB4206507622,545844D001,181.23,AKTAMOTORSGASTAO
MLB3549211345,863413W000,177.89,AKTAMOTORSGASTAO
MLB4307285130,4736339010,985.84,AKTAMOTORSGASTAO
MLB4307287170,585102E100,2328.95,AKTAMOTORSGASTAO
MLB4307295618,847403W540GA7,1077.86,AKTAMOTORSGASTAO
MLB4309273600,836652K500,199.09,AKTAMOTORSGASTAO
MLB4309388970,2661123010,45.77,AKTAMOTORSGASTAO
MLB4309391510,327003F800,1636.4,AKTAMOTORSGASTAO
MLB4309392194,0K54G50710,979.01,AKTAMOTORSGASTAO
MLB4309393110,878101F020-BI,1546.94,AKTAMOTORSGASTAO
MLB4309467644,826523R030,45.88,AKTAMOTORSGASTAO
MLB4309473842,3610003402,2719.75,AKTAMOTORSGASTAO
MLB4309488642,833073W030AK5,2769.22,AKTAMOTORSGASTAO
MLB4309488860,824022K001,1391.54,AKTAMOTORSGASTAO
MLB4309501216,9775907500,2956.77,AKTAMOTORSGASTAO
MLB4309501666,327002P210,1371.02,AKTAMOTORSGASTAO
MLB4309514668,833062K254EXA,1915.71,AKTAMOTORSGASTAO
MLB4309527026,84770A9000WK,2675.33,AKTAMOTORSGASTAO
MLB4309527600,834112T010,1586.02,AKTAMOTORSGASTAO
MLB4309564902,527103W100,2776.87,AKTAMOTORSGASTAO
MLB4314168844,9220207000,645.88,AKTAMOTORSGASTAO
MLB4314176440,834101F000N,706.7,AKTAMOTORSGASTAO
MLB4314182310,628383W000,26.9,AKTAMOTORSGASTAO
MLB4314199468,845101M400WK,794.38,AKTAMOTORSGASTAO
MLB4314202212,2896123500,32.0,AKTAMOTORSGASTAO
MLB4314202628,2736702660,70.49,AKTAMOTORSGASTAO
MLB4314202778,95824C5500,721.52,AKTAMOTORSGASTAO
MLB4314203906,91971A7091,388.03,AKTAMOTORSGASTAO
MLB4314204316,825301F000,360.46,AKTAMOTORSGASTAO
MLB4314206822,951001M000,165.79,AKTAMOTORSGASTAO
MLB4314209362,0K65B32611,135.15,AKTAMOTORSGASTAO
MLB4314209560,918762J500,44.23,AKTAMOTORSGASTAO
MLB4314216596,91880D9620,396.65,AKTAMOTORSGASTAO
MLB4314223424,848511F000WK,38.92,AKTAMOTORSGASTAO
MLB4314223476,PN922024E000,385.0,AKTAMOTORSGASTAO
MLB4314223854,5773338000,133.21,AKTAMOTORSGASTAO
MLB4314226786,9250107000,101.79,AKTAMOTORSGASTAO
MLB4314229060,9358007500,207.85,AKTAMOTORSGASTAO
MLB4314230310,253331Y100,62.85,AKTAMOTORSGASTAO
MLB4314240938,463133A050,663.37,AKTAMOTORSGASTAO
MLB4314242938,3931204000,161.37,AKTAMOTORSGASTAO
MLB4314242972,263212W000,62.37,AKTAMOTORSGASTAO
MLB4314248682,989301D001,72.62,AKTAMOTORSGASTAO
MLB4314248698,3613042300,37.63,AKTAMOTORSGASTAO
MLB4314249366,91KITJ525LQQK,162.61,AKTAMOTORSGASTAO
MLB4314255582,937902K000,137.23,AKTAMOTORSGASTAO
MLB4314259978,577172P000,180.28,AKTAMOTORSGASTAO
MLB4314260434,612204E600,252.64,AKTAMOTORSGASTAO
MLB4314260990,0K60A33251A,576.21,AKTAMOTORSGASTAO
MLB4314263678,9771333340,256.66,AKTAMOTORSGASTAO
MLB4314266046,811304E010L,434.28,AKTAMOTORSGASTAO
MLB4314266470,581641D000,46.7,AKTAMOTORSGASTAO
MLB3549277597,961204D602,397.84,AKTAMOTORSGASTAO
MLB3551919681,857302J000WK,2615.23,AKTAMOTORSGASTAO
MLB3551919729,884701M100AGA,1125.72,AKTAMOTORSGASTAO
MLB3551922069,86821A9000,1406.16,AKTAMOTORSGASTAO
MLB3551922269,881604E100160,939.58,AKTAMOTORSGASTAO
MLB3551935441,714021F1B1,6247.09,AKTAMOTORSGASTAO
MLB3551955209,655101Y010,1793.2,AKTAMOTORSGASTAO
MLB3551983055,816332P010,1644.71,AKTAMOTORSGASTAO
MLB3552427757,8776107000,1273.62,AKTAMOTORSGASTAO
MLB3554254499,866111M000,4019.87,AKTAMOTORSGASTAO
MLB3593066286,921903L100,2921.06,AKTAMOTORSGASTAO
MLB3593076742,52910A7AA0,3059.35,AKTAMOTORSGASTAO
MLB3593086768,4950107310,2243.33,AKTAMOTORSGASTAO
MLB3593086804,495002K000,2935.93,AKTAMOTORSGASTAO
MLB4135605726,1636497080,479.02,AKTAMOTORSGASTAO
MLB4135665010,865112K050,2551.79,AKTAMOTORSGASTAO
MLB4303357222,86611M7000,3518.68,AKTAMOTORSGASTAO
MLB4305965948,715501F010,854.58,AKTAMOTORSGASTAO
MLB4305979450,893103W000WK,2008.24,AKTAMOTORSGASTAO
MLB4306836208,82619A7000WK,42.78,AKTAMOTORSGASTAO
MLB4306900836,291102G600,37.19,AKTAMOTORSGASTAO
MLB4309470622,877523R200,2730.61,AKTAMOTORSGASTAO
MLB4309491890,391204X220,35.87,AKTAMOTORSGASTAO
MLB4309552346,866822P010,1320.68,AKTAMOTORSGASTAO
MLB4309565244,866773F531,1402.96,AKTAMOTORSGASTAO
MLB4314215324,86595D9500,655.01,AKTAMOTORSGASTAO
MLB4314259750,2879307000,249.5,AKTAMOTORSGASTAO
MLB4314268296,811812B000S8,51.06,AKTAMOTORSGASTAO
MLB4314272792,0K63A42710B,113.75,AKTAMOTORSGASTAO
MLB4314273042,865722F500,86.61,AKTAMOTORSGASTAO
MLB4314284032,86152A9000,57.49,AKTAMOTORSGASTAO
MLB4314302188,919802G172QQK,23.46,AKTAMOTORSGASTAO
MLB4314302220,0K55251921A,33.41,AKTAMOTORSGASTAO
MLB4314314044,857352P000VA,31.96,AKTAMOTORSGASTAO
MLB4322396868,65110M7000,2416.76,AKTAMOTORSGASTAO
MLB4322608698,894602K500BHC,1100.54,AKTAMOTORSGASTAO
MLB4323771092,816481M200,977.96,AKTAMOTORSGASTAO
MLB4324913600,711224E351,5360.71,AKTAMOTORSGASTAO
MLB4328987948,645022P500,4594.83,AKTAMOTORSGASTAO
MLB3310723709,91950D9540,3207.16,AKTAMOTORSGASTAO
MLB4307221604,813104D010,1162.1,AKTAMOTORSGASTAO
MLB4135237436,1879001112,23.83,AKTAMOTORSGASTAO
MLB4135640634,876114D200,468.36,AKTAMOTORSGASTAO
MLB4135716868,84753A7100WK,113.05,AKTAMOTORSGASTAO
MLB4135753806,847533W030WK,139.9,AKTAMOTORSGASTAO
MLB4306808988,0K53A50045,8.81,AKTAMOTORSGASTAO
MLB4307297716,8761007660,987.22,AKTAMOTORSGASTAO
MLB3307700150,58101D3A11,1431.71,AKTAMOTORSGASTAO
MLB3467853541,87611D9030,480.87,AKTAMOTORSGASTAO
MLB3467864987,87611D9030,480.87,AKTAMOTORSGASTAO
